{"cameraMode":{"drawMode":0,"name":"Shaded","section":"Shading Mode"},"sceneLighting":false,"audioPlay":false,"sceneViewState":{"showFog":true,"showMaterialUpdate":false,"showSkybox":false,"showFlares":true,"showImageEffects":true,"showParticleSystems":true},"in2DMode":false,"pivot":{"x":-6.810525417327881,"y":1.8159334659576417,"z":-7.022985458374023},"rotation":{"x":-0.011605927720665932,"y":-0.9291653633117676,"z":-0.02927839756011963,"w":0.3683203160762787},"size":6.017693519592285,"orthographic":false}