{"cameraMode":{"drawMode":0,"name":"Shaded","section":"Shading Mode"},"sceneLighting":false,"audioPlay":false,"sceneViewState":{"showFog":true,"showMaterialUpdate":false,"showSkybox":false,"showFlares":true,"showImageEffects":true,"showParticleSystems":true},"in2DMode":false,"pivot":{"x":1.6710971593856812,"y":1.0699354410171509,"z":0.05757439136505127},"rotation":{"x":0.07498425245285034,"y":0.7047853469848633,"z":-0.07534456253051758,"w":0.7014133930206299},"size":1.392532229423523,"orthographic":false}