{"cameraMode":{"drawMode":0,"name":"Shaded","section":"Shading Mode"},"sceneLighting":false,"audioPlay":false,"sceneViewState":{"showFog":true,"showMaterialUpdate":false,"showSkybox":false,"showFlares":true,"showImageEffects":true,"showParticleSystems":true},"in2DMode":false,"pivot":{"x":-0.018902957439422609,"y":1.045656442642212,"z":0.05757439136505127},"rotation":{"x":-0.0034972692374140026,"y":0.9938287734985352,"z":-0.032808247953653339,"w":-0.10592793673276901},"size":1.4322925806045533,"orthographic":false}