{"cameraMode":{"drawMode":0,"name":"Shaded","section":"Shading Mode"},"sceneLighting":false,"audioPlay":false,"sceneViewState":{"showFog":true,"showMaterialUpdate":false,"showSkybox":false,"showFlares":true,"showImageEffects":true,"showParticleSystems":true},"in2DMode":false,"pivot":{"x":0.0,"y":0.002021491527557373,"z":-0.0060450732707977299},"rotation":{"x":0.011082070879638195,"y":0.9858797788619995,"z":-0.07259296625852585,"w":0.15051348507404328},"size":0.2939062714576721,"orthographic":false}