{"cameraMode":{"drawMode":0,"name":"Shaded","section":"Shading Mode"},"sceneLighting":false,"audioPlay":false,"sceneViewState":{"showFog":true,"showMaterialUpdate":false,"showSkybox":false,"showFlares":true,"showImageEffects":true,"showParticleSystems":true},"in2DMode":false,"pivot":{"x":0.11306637525558472,"y":1.0545017719268799,"z":0.17175042629241944},"rotation":{"x":-0.002707331907004118,"y":0.9970424771308899,"z":-0.0419003926217556,"w":-0.06439906358718872},"size":0.9132700562477112,"orthographic":false}