{"cameraMode":{"drawMode":0,"name":"Shaded","section":"Shading Mode"},"sceneLighting":false,"audioPlay":false,"sceneViewState":{"showFog":true,"showMaterialUpdate":false,"showSkybox":false,"showFlares":true,"showImageEffects":true,"showParticleSystems":true},"in2DMode":false,"pivot":{"x":0.2153153419494629,"y":-0.27483177185058596,"z":0.16120564937591554},"rotation":{"x":0.020296495407819749,"y":0.942672610282898,"z":-0.058340590447187427,"w":0.32795384526252749},"size":0.9000174403190613,"orthographic":false}