{"cameraMode":{"drawMode":0,"name":"Shaded","section":"Shading Mode"},"sceneLighting":false,"audioPlay":false,"sceneViewState":{"showFog":true,"showMaterialUpdate":false,"showSkybox":false,"showFlares":true,"showImageEffects":true,"showParticleSystems":true},"in2DMode":false,"pivot":{"x":-0.03805398941040039,"y":0.2031126618385315,"z":0.0032917261123657228},"rotation":{"x":-0.002707331907004118,"y":0.9970424771308899,"z":-0.0419003926217556,"w":-0.06439906358718872},"size":1.8732078075408936,"orthographic":false}