{"cameraMode":{"drawMode":0,"name":"Shaded","section":"Shading Mode"},"sceneLighting":false,"audioPlay":false,"sceneViewState":{"showFog":true,"showMaterialUpdate":false,"showSkybox":false,"showFlares":true,"showImageEffects":true,"showParticleSystems":true},"in2DMode":false,"pivot":{"x":1.0652358531951905,"y":0.23448102176189423,"z":1.2452353239059449},"rotation":{"x":0.008673835545778275,"y":0.6909695267677307,"z":-0.008292030543088913,"w":0.7227843403816223},"size":1.7586603164672852,"orthographic":false}