{"cameraMode":{"drawMode":0,"name":"Shaded","section":"Shading Mode"},"sceneLighting":false,"audioPlay":false,"sceneViewState":{"showFog":true,"showMaterialUpdate":false,"showSkybox":false,"showFlares":true,"showImageEffects":true,"showParticleSystems":true},"in2DMode":false,"pivot":{"x":1.5956339836120606,"y":-0.2272452712059021,"z":-1.017682433128357},"rotation":{"x":0.06257019937038422,"y":0.7703148126602173,"z":-0.0765116810798645,"w":0.6299617886543274},"size":1.61259126663208,"orthographic":false}