{"cameraMode":{"drawMode":0,"name":"Shaded","section":"Shading Mode"},"sceneLighting":false,"audioPlay":false,"sceneViewState":{"showFog":true,"showMaterialUpdate":false,"showSkybox":false,"showFlares":true,"showImageEffects":true,"showParticleSystems":true},"in2DMode":false,"pivot":{"x":0.07594680786132813,"y":0.8804104924201965,"z":-0.026231855154037477},"rotation":{"x":-0.013073494657874108,"y":0.6872128248214722,"z":0.01237131655216217,"w":0.7262361645698547},"size":1.3764519691467286,"orthographic":false}